"Reference","Qty","Value","DNP","Exclude from BOM","Exclude from Board","Exclude from Simulation","Exclude from Position Files","Footprint","Datasheet"
"BZ1","1","Buzzer","","","","","${EXCLUDE_FROM_POS_FILES}","Buzzer_Beeper:Buzzer_12x9.5RM7.6",""
"G2x8","1","Conn_02x08_Odd_Even","","","","","${EXCLUDE_FROM_POS_FILES}","Connector_PinSocket_2.54mm:PinSocket_2x08_P2.54mm_Vertical",""
"J1","1","Conn_01x04_Pin","","","","","${EXCLUDE_FROM_POS_FILES}","Project:Display_128x64_096_I2C",""
"J2","1","Conn_01x08_Pin","","","","","${EXCLUDE_FROM_POS_FILES}","Project:MPU6050_Module",""
"R1","1","10k","","","","","${EXCLUDE_FROM_POS_FILES}","Resistor_THT:R_Axial_DIN0204_L3.6mm_D1.6mm_P7.62mm_Horizontal",""
"R2","1","R_Photo","","","","","${EXCLUDE_FROM_POS_FILES}","OptoDevice:R_LDR_4.9x4.2mm_P2.54mm_Vertical",""
"R3","1","100k","","","","","${EXCLUDE_FROM_POS_FILES}","Resistor_THT:R_Axial_DIN0204_L3.6mm_D1.6mm_P7.62mm_Horizontal",""
"R4","1","100","","","","","${EXCLUDE_FROM_POS_FILES}","Resistor_THT:R_Axial_DIN0204_L3.6mm_D1.6mm_P7.62mm_Horizontal",""
"SW1,SW2,SW3","3","SW_Push","","","","","${EXCLUDE_FROM_POS_FILES}","Button_Switch_Keyboard:SW_Cherry_MX_1.00u_PCB",""
"U1","1","XIAO-ESP32-S3-Plus-SMD","","","","","${EXCLUDE_FROM_POS_FILES}","Project:XIAO-ESP32-S3-Plus-SMD",""
"U2","1","DHT11","","","","","${EXCLUDE_FROM_POS_FILES}","Sensor:Aosong_DHT11_5.5x12.0_P2.54mm","http://akizukidenshi.com/download/ds/aosong/DHT11.pdf"
