Designator,Footprint,Quantity,Value,LCSC Part #
BZ1,Buzzer_12x9.5RM7.6,1,Buzzer,
DHT1,PinSocket_1x04_P2.54mm_Vertical,1,DHT,
G2X8,PinSocket_2x08_P2.54mm_Vertical,1,Conn_02x08_Odd_Even,
J1,Display_128x64_096_I2C,1,Conn_01x04_Pin,
J2,MPU6050_Module,1,Conn_01x08_Pin,
"R1, R3",R_Axial_DIN0204_L3.6mm_D1.6mm_P7.62mm_Horizontal,2,10k,
R2,R_LDR_4.9x4.2mm_P2.54mm_Vertical,1,R_Photo,
R4,R_Axial_DIN0204_L3.6mm_D1.6mm_P7.62mm_Horizontal,1,100,
"SW1, SW2, SW3",SW_Cherry_MX_1.00u_PCB,3,SW_Push,
U1,XIAO-ESP32-S3-Plus-SMD,1,XIAO-ESP32-S3-Plus-SMD,
